{"0": {"0": 0.5190273996180832, "1": 4.901208343644845}, "1": {"0": 0.5190273996180832, "1": 51.858017442789844}, "2": {"0": 0.5190273996180832, "1": 9.280848613641203}, "3": {"0": 0.5190273996180832, "1": 176.63862427323227}, "4": {"0": 0.5190273996180832, "1": 9.95969499887093}, "5": {"0": 0.5190273996180832, "1": 58.01185751703036}}